{
  "eye": {
    "orientation": [
      -0.1707170605659485,
      -0.27432113885879517,
      -0.6484352946281433,
      0.6893006563186646
    ],
    "magnitude": 0.5773502588272095,
    "position": [
      -96.40595245361328,
      -9.203471183776855,
      -10.907855033874512
    ]
  },
  "paths": [],
  "ortho": false,
  "radius": 1000,
  "visualHints": 3
}